Mean,Volume
9.486303925514221191e-01,1.334373466670513153e-02
9.083421826362609863e-01,1.064039301127195358e-02
9.213116765022277832e-01,9.622160345315933228e-03
9.118898510932922363e-01,1.060260832309722900e-02
