Mean,Volume
9.217507243156433105e-01,8.264951407909393311e-03
8.757528066635131836e-01,1.787580549716949463e-03
8.950347304344177246e-01,-1.740045845508575439e-03
8.916569948196411133e-01,-1.957558095455169678e-03
