Mean,Volume
9.930123090744018555e-01,7.811540737748146057e-03
9.490919113159179688e-01,6.970228627324104309e-03
9.680854678153991699e-01,5.786495283246040344e-03
9.667856693267822266e-01,8.698644116520881653e-03
