Mean,Volume
9.069041609764099121e-01,1.043808460235595703e-02
8.803024888038635254e-01,8.661607280373573303e-03
8.994894027709960938e-01,1.033526845276355743e-02
9.009819030761718750e-01,1.297818124294281006e-02
