Mean,Volume
9.178978800773620605e-01,9.008510038256645203e-03
8.790883421897888184e-01,1.598715409636497498e-02
8.965824246406555176e-01,1.871431618928909302e-02
8.919300436973571777e-01,2.437475323677062988e-02
