Mean,Volume
9.153696298599243164e-01,9.446380659937858582e-03
8.605598211288452148e-01,5.071111023426055908e-03
8.760083913803100586e-01,2.453828230500221252e-03
8.696539402008056641e-01,3.605669364333152771e-03
