Mean,Volume
4.942335486412048340e-01,1.417698562145233154e-01
5.819697380065917969e-01,1.769202053546905518e-01
5.792658329010009766e-01,1.800237894058227539e-01
5.524834990501403809e-01,1.687415242195129395e-01
