Mean,Volume
5.269034504890441895e-01,1.628786325454711914e-01
6.106129884719848633e-01,1.785751879215240479e-01
6.169558167457580566e-01,1.727395653724670410e-01
6.044693589210510254e-01,1.631447374820709229e-01
