Mean,Volume
4.955126941204071045e-01,1.480721980333328247e-01
6.103816032409667969e-01,1.813091933727264404e-01
6.131855249404907227e-01,1.834496557712554932e-01
5.813004374504089355e-01,1.749411225318908691e-01
