Mean,Volume
4.918513000011444092e-01,1.363284140825271606e-01
5.754756927490234375e-01,1.502795219421386719e-01
5.757613182067871094e-01,1.418910026550292969e-01
5.554716587066650391e-01,1.279841810464859009e-01
