Mean,Volume
5.154122114181518555e-01,1.535470187664031982e-01
6.320337653160095215e-01,1.843023896217346191e-01
6.267991065979003906e-01,1.820189952850341797e-01
5.838704705238342285e-01,1.700099706649780273e-01
