Mean,Volume
5.168715119361877441e-01,1.625015586614608765e-01
5.873844027519226074e-01,1.849652975797653198e-01
5.550696849822998047e-01,1.777400821447372437e-01
5.042136907577514648e-01,1.641407907009124756e-01
